date,series,value
2022-01-01,Northstar,44.7
2022-01-01,Atlas,62.2
2022-01-01,Mosaic,40.2
2022-01-01,Kite,65.0
2022-01-01,Orbit,49.6
2022-01-01,Cinder,28.3
2022-01-01,Lumen,48.7
2022-01-01,Delta,42.0
2022-02-01,Northstar,49.8
2022-02-01,Atlas,65.4
2022-02-01,Mosaic,42.8
2022-02-01,Kite,64.2
2022-02-01,Orbit,47.8
2022-02-01,Cinder,29.1
2022-02-01,Lumen,47.6
2022-02-01,Delta,48.3
2022-03-01,Northstar,53.9
2022-03-01,Atlas,66.0
2022-03-01,Mosaic,43.5
2022-03-01,Kite,62.4
2022-03-01,Orbit,45.6
2022-03-01,Cinder,30.7
2022-03-01,Lumen,48.1
2022-03-01,Delta,52.6
2022-04-01,Northstar,56.2
2022-04-01,Atlas,64.4
2022-04-01,Mosaic,42.9
2022-04-01,Kite,60.5
2022-04-01,Orbit,44.5
2022-04-01,Cinder,33.9
2022-04-01,Lumen,50.8
2022-04-01,Delta,54.5
2022-05-01,Northstar,56.9
2022-05-01,Atlas,61.3
2022-05-01,Mosaic,42.3
2022-05-01,Kite,59.5
2022-05-01,Orbit,45.7
2022-05-01,Cinder,39.1
2022-05-01,Lumen,55.5
2022-05-01,Delta,54.4
2022-06-01,Northstar,56.4
2022-06-01,Atlas,58.4
2022-06-01,Mosaic,42.8
2022-06-01,Kite,60.3
2022-06-01,Orbit,49.6
2022-06-01,Cinder,45.9
2022-06-01,Lumen,61.4
2022-06-01,Delta,53.2
2022-07-01,Northstar,55.7
2022-07-01,Atlas,56.9
2022-07-01,Mosaic,45.2
2022-07-01,Kite,63.0
2022-07-01,Orbit,55.9
2022-07-01,Cinder,53.5
2022-07-01,Lumen,67.0
2022-07-01,Delta,52.4
2022-08-01,Northstar,55.6
2022-08-01,Atlas,57.9
2022-08-01,Mosaic,49.9
2022-08-01,Kite,67.4
2022-08-01,Orbit,63.4
2022-08-01,Cinder,60.7
2022-08-01,Lumen,71.2
2022-08-01,Delta,52.9
2022-09-01,Northstar,56.9
2022-09-01,Atlas,61.5
2022-09-01,Mosaic,56.5
2022-09-01,Kite,72.5
2022-09-01,Orbit,70.6
2022-09-01,Cinder,66.6
2022-09-01,Lumen,73.1
2022-09-01,Delta,55.5
2022-10-01,Northstar,60.0
2022-10-01,Atlas,67.1
2022-10-01,Mosaic,63.9
2022-10-01,Kite,77.5
2022-10-01,Orbit,76.0
2022-10-01,Cinder,70.4
2022-10-01,Lumen,72.6
2022-10-01,Delta,60.2
2022-11-01,Northstar,64.6
2022-11-01,Atlas,73.6
2022-11-01,Mosaic,71.1
2022-11-01,Kite,81.1
2022-11-01,Orbit,78.6
2022-11-01,Cinder,72.1
2022-11-01,Lumen,70.2
2022-11-01,Delta,66.0
2022-12-01,Northstar,70.1
2022-12-01,Atlas,79.4
2022-12-01,Mosaic,76.8
2022-12-01,Kite,82.9
2022-12-01,Orbit,78.5
2022-12-01,Cinder,72.3
2022-12-01,Lumen,67.1
2022-12-01,Delta,72.0
2023-01-01,Northstar,75.6
2023-01-01,Atlas,83.5
2023-01-01,Mosaic,80.4
2023-01-01,Kite,82.8
2023-01-01,Orbit,76.4
2023-01-01,Cinder,72.0
2023-01-01,Lumen,64.7
2023-01-01,Delta,77.0
2023-02-01,Northstar,80.2
2023-02-01,Atlas,85.1
2023-02-01,Mosaic,82.1
2023-02-01,Kite,81.4
2023-02-01,Orbit,73.7
2023-02-01,Cinder,72.5
2023-02-01,Lumen,64.2
2023-02-01,Delta,80.1
2023-03-01,Northstar,83.5
2023-03-01,Atlas,84.6
2023-03-01,Mosaic,82.5
2023-03-01,Kite,79.6
2023-03-01,Orbit,72.0
2023-03-01,Cinder,74.6
2023-03-01,Lumen,66.1
2023-03-01,Delta,81.3
2023-04-01,Northstar,85.3
2023-04-01,Atlas,82.8
2023-04-01,Mosaic,82.6
2023-04-01,Kite,78.5
2023-04-01,Orbit,72.3
2023-04-01,Cinder,78.6
2023-04-01,Lumen,70.2
2023-04-01,Delta,81.0
2023-05-01,Northstar,86.2
2023-05-01,Atlas,81.1
2023-05-01,Mosaic,83.6
2023-05-01,Kite,78.7
2023-05-01,Orbit,75.3
2023-05-01,Cinder,84.3
2023-05-01,Lumen,75.6
2023-05-01,Delta,80.3
2023-06-01,Northstar,86.9
2023-06-01,Atlas,80.8
2023-06-01,Mosaic,86.1
2023-06-01,Kite,80.5
2023-06-01,Orbit,80.4
2023-06-01,Cinder,90.9
2023-06-01,Lumen,81.0
2023-06-01,Delta,80.6
2023-07-01,Northstar,88.2
2023-07-01,Atlas,82.5
2023-07-01,Mosaic,90.5
2023-07-01,Kite,83.7
2023-07-01,Orbit,86.6
2023-07-01,Cinder,97.4
2023-07-01,Lumen,85.3
2023-07-01,Delta,82.7
2023-08-01,Northstar,90.7
2023-08-01,Atlas,86.4
2023-08-01,Mosaic,96.2
2023-08-01,Kite,87.5
2023-08-01,Orbit,92.4
2023-08-01,Cinder,102.7
2023-08-01,Lumen,87.5
2023-08-01,Delta,87.1
2023-09-01,Northstar,94.6
2023-09-01,Atlas,91.8
2023-09-01,Mosaic,102.4
2023-09-01,Kite,90.8
2023-09-01,Orbit,96.6
2023-09-01,Cinder,106.3
2023-09-01,Lumen,87.8
2023-09-01,Delta,93.5
2023-10-01,Northstar,99.5
2023-10-01,Atlas,97.3
2023-10-01,Mosaic,107.8
2023-10-01,Kite,93.0
2023-10-01,Orbit,98.4
2023-10-01,Cinder,108.4
2023-10-01,Lumen,86.5
2023-10-01,Delta,100.8
2023-11-01,Northstar,104.7
2023-11-01,Atlas,101.7
2023-11-01,Mosaic,111.8
2023-11-01,Kite,93.5
2023-11-01,Orbit,98.0
2023-11-01,Cinder,109.5
2023-11-01,Lumen,85.0
2023-11-01,Delta,107.9
2023-12-01,Northstar,109.2
2023-12-01,Atlas,103.9
2023-12-01,Mosaic,113.8
2023-12-01,Kite,92.6
2023-12-01,Orbit,96.2
2023-12-01,Cinder,110.6
2023-12-01,Lumen,84.3
2023-12-01,Delta,113.4
2024-01-01,Northstar,112.5
2024-01-01,Atlas,103.7
2024-01-01,Mosaic,114.2
2024-01-01,Kite,91.0
2024-01-01,Orbit,94.5
2024-01-01,Cinder,112.7
2024-01-01,Lumen,85.4
2024-01-01,Delta,116.6
2024-02-01,Northstar,114.1
2024-02-01,Atlas,101.5
2024-02-01,Mosaic,113.7
2024-02-01,Kite,89.6
2024-02-01,Orbit,94.2
2024-02-01,Cinder,116.6
2024-02-01,Lumen,88.6
2024-02-01,Delta,117.4
2024-03-01,Northstar,114.3
2024-03-01,Atlas,98.5
2024-03-01,Mosaic,113.7
2024-03-01,Kite,89.4
2024-03-01,Orbit,96.4
2024-03-01,Cinder,122.3
2024-03-01,Lumen,93.5
2024-03-01,Delta,116.5
2024-04-01,Northstar,113.7
2024-04-01,Atlas,96.1
2024-04-01,Mosaic,115.1
2024-04-01,Kite,91.0
2024-04-01,Orbit,101.3
2024-04-01,Cinder,129.3
2024-04-01,Lumen,99.1
2024-04-01,Delta,115.0
2024-05-01,Northstar,113.2
2024-05-01,Atlas,95.7
2024-05-01,Mosaic,118.6
2024-05-01,Kite,94.5
2024-05-01,Orbit,108.1
2024-05-01,Cinder,136.6
2024-05-01,Lumen,104.1
2024-05-01,Delta,114.3
2024-06-01,Northstar,113.7
2024-06-01,Atlas,97.9
2024-06-01,Mosaic,124.2
2024-06-01,Kite,99.3
2024-06-01,Orbit,115.5
2024-06-01,Cinder,143.2
2024-06-01,Lumen,107.3
2024-06-01,Delta,115.4
