date,series,x,y,size
2024-01-01,North Star,18,22,4
2024-03-01,North Star,26,31,5
2024-05-01,North Star,39,35,6
2024-07-01,North Star,47,51,8
2024-09-01,North Star,61,58,10
2024-11-01,North Star,76,79,12
2024-01-01,Fast Follower,12,44,7
2024-03-01,Fast Follower,24,42,8
2024-05-01,Fast Follower,35,49,9
2024-07-01,Fast Follower,53,55,10
2024-09-01,Fast Follower,66,62,12
2024-11-01,Fast Follower,82,69,13
2024-01-01,Steady Builder,28,14,5
2024-03-01,Steady Builder,35,22,6
2024-05-01,Steady Builder,42,31,6
2024-07-01,Steady Builder,50,39,7
2024-09-01,Steady Builder,59,48,8
2024-11-01,Steady Builder,69,56,9
