date,value
2021-01-01,18.4
2021-02-01,19.1
2021-03-01,18.8
2021-04-01,21.2
2021-05-01,23.9
2021-06-01,22.6
2021-07-01,25.4
2021-08-01,27.1
2021-09-01,26.3
2021-10-01,29.8
2021-11-01,31.5
2021-12-01,30.9
2022-01-01,34.2
2022-02-01,36.8
2022-03-01,35.7
2022-04-01,39.4
2022-05-01,42.1
2022-06-01,40.7
2022-07-01,44.9
2022-08-01,48.6
2022-09-01,47.3
2022-10-01,52.8
2022-11-01,55.4
2022-12-01,58.1
2023-01-01,61.9
2023-02-01,60.4
2023-03-01,66.7
2023-04-01,70.5
2023-05-01,74.8
2023-06-01,72.2
2023-07-01,79.6
2023-08-01,84.3
2023-09-01,82.7
2023-10-01,89.5
2023-11-01,94.2
2023-12-01,101.8
